name,sold,star,deliverTime,minDeliverFee,minFee,brand,overtimePaymentSupported,isNewShopPromotion,extraService,mtWmPoiId
果腿儿鲜果切,6831,48,60,20,30,true,false,0,false,164948
老婆很芒,5209,47,68,15,0,true,false,0,false,943862
果腿儿鲜果切,3868,48,61,15,20,true,false,0,false,1081706
河风精致寿司,2485,49,88,59,158,true,false,0,false,1406703
麻辣村.麻辣香锅烤鱼,2367,47,59,7,0,false,false,0,false,224027
辣私房（小龙虾海鲜外卖）,2318,47,83,45,0,false,false,0,false,202314
美味可口蛋糕,2314,48,107,0,0,true,false,0,false,530685
夹克的虾（小龙虾外卖）,1892,48,77,30,98,true,false,0,false,179160
绿萝卜蛋糕坊,1689,50,79,0,0,true,false,0,false,1990197
奔跑吧麻辣香锅(烤鱼),1552,48,52,7,100,false,false,0,false,430751
世纪华联超市（蓝堡店）,1240,48,51,75,0,false,false,0,false,864922
爱吾快餐,1240,44,54,45,120,false,false,0,false,880771
小贤家榴莲蛋糕（亚运村店）,1187,48,77,10,0,true,false,0,false,439474
村上一屋日料寿司（双井店）,1092,46,93,56,150,true,false,0,false,1864149
蛙蛙叫干锅年代（总店）,1075,46,81,60,0,true,false,0,false,514776
村上一屋日料寿司（棕榈泉店）,1041,45,68,56,20,true,false,0,false,1552416
昨昔雨参鸡汤,1035,48,75,45,200,false,false,0,false,1682163
欣丹鲜果,1026,48,55,25,128,false,false,0,false,1604607
杨国福麻辣烫（香山店）,996,46,30,6,25,true,false,0,true,852357
绿萝卜蛋糕坊（酒仙桥店）,988,50,102,0,0,true,false,0,false,1990130
哈哈镜（陶然亭店）,968,48,42,38,0,true,false,0,false,377129
老马食府（娘娘府）,946,46,35,3,25,false,false,0,false,768952
双流老妈兔头,878,47,85,80,100,true,false,0,false,1836830
极速汉堡,6079,48,33,26,0,false,false,0,false,12721
村上一屋日料寿司,1879,47,80,56,150,true,false,0,false,1145657
榴莲千层盒子,1423,48,73,9,0,false,false,0,false,1432545
果缤纷鲜果切,1211,47,47,20,80,false,false,0,false,2253656
非常虾（小龙虾外卖）,1051,47,94,30,50,false,false,0,false,515612
7cake榴莲千层蛋糕,2146,48,101,20,50,true,false,0,false,1170023
淘汰郎小火锅（北京店）,1378,48,68,15,0,true,false,0,false,153173
英伦时光炸鸡,1100,47,61,47,0,false,false,0,false,2269599
花果园（水果切）,2120,47,51,30,0,false,false,0,false,1391957
味多美（蛋糕店）,1856,46,142,10,0,true,false,0,false,156761
亚美超市（哈哈镜vip店）,1772,48,40,25,88,false,false,0,false,1079151
麦堡王（中关村店）,1686,45,51,13,25,true,false,0,false,1633087
北京麦当劳西苑餐厅,1259,47,41,9,0,true,false,0,false,560147
榴芒来啦千层蛋糕,1898,46,54,8,300,false,false,0,false,661517
比萨家族（上地店）,1439,45,51,8,129,true,false,0,false,149355
水果切,2277,48,51,8,0,false,false,0,false,795020
何贤记（中关村店）,1973,47,51,12,25,true,false,0,false,503585
凉皮达人（中关村店）,1576,45,38,7,15,false,false,0,false,2256912
小厨小菜（中关村店）,6166,45,36,3,20,true,false,0,false,436287
秦门(北大店),5473,47,30,6,20,true,false,0,true,381803
牛肉范儿（中关村店）,3852,48,38,4,15,false,false,0,false,2329672
田妈妈的味道（日月飞）,3391,46,37,2,0,false,false,0,false,627271
杨铭宇黄焖鸡米饭,2894,46,33,2,0,false,false,0,false,206716
张姐烤肉饭脆皮鸡饭（苏州街店）,2871,47,37,3,0,false,false,0,false,1484099
焦耳川式快餐（中关村店）,2445,45,35,3,15,true,false,0,false,144873
西门烤翅家常菜,2445,47,47,10,35,false,false,0,false,901232
三顾堂（中关村店）,2396,45,39,6,15,false,false,0,false,786499
大杜满腹,2261,46,47,4,20,false,false,0,false,623524
小碗菜,2199,46,38,2,0,false,false,0,false,441652
原味觉醒,2069,48,38,2,0,false,false,0,false,1186677
江小鱼儿酸菜鱼,1950,46,38,4,0,false,false,0,false,2282632
邂逅冒菜,5234,44,42,4,0,false,false,0,false,1403008
云南过桥米线,4895,46,39,2,0,false,false,0,false,658595
十八碗菜蒸香,4220,44,35,2,15,false,false,0,false,689434
原骨时代,3756,48,36,2,0,false,false,0,false,290492
小米粒粥铺（中关村店）,3695,44,36,4,0,false,false,0,false,784820
小火慢炖排骨米饭（中关村店）,3531,46,41,5,0,true,false,0,false,1482141
金百万美食MALL（北大直隶会馆店）,3169,47,30,5,20,true,false,0,true,1801093
FitBuddy健康伙伴,2975,46,36,2,0,false,false,0,false,765377
royaltea皇茶（御品贡茶）,2843,47,38,7,50,true,false,0,false,1073802
凉皮先生（五道口1店）,5405,48,42,5,25,true,false,0,false,1353564
老镇筋饼,3841,47,37,2,20,false,false,0,false,1330896
四云奶盖贡茶（漾漾好）五道口店,3337,48,39,4,0,true,false,0,false,489029
螺蛳粉先生（中关村店）,3158,46,41,3,0,false,false,0,false,1754593
永和大王（成府路店BJ021）,2829,47,39,6,20,true,false,0,true,1736711
汉堡谷,2394,47,39,6,0,false,false,0,false,725393
衢州餐厅（黄焖鸡＋湘味小炒）,2350,47,41,5,20,false,false,0,false,215588
汤火功夫麻辣烫（五道口店）,10265,43,36,3,15,true,false,0,false,624892
新土耳其烤肉拌饭,7970,47,42,2,0,false,false,0,false,1057875
速味居（黄焖鸡+湘味小炒）,7107,47,41,4,0,false,false,0,false,345044
张姐馋猫烤肉拌饭,6943,47,41,7,0,false,false,0,false,273985
秦门（五道口店）,6548,46,46,5,20,true,false,0,true,381792
麻辣诱惑·麻辣小龙虾·麻小外卖,6056,47,65,20,0,true,false,0,false,19177
嘟嘟烤肉拌饭,5608,45,41,3,0,false,false,0,false,1561995
西少爷肉夹馍（新中关店）,5144,49,43,6,20,true,false,0,true,584664
炒菜盖饭,4913,45,53,3,20,false,false,0,false,552278
七盒饭（财智店）,4753,46,36,2,0,false,false,0,false,1203501
汉堡王（五道口餐厅19195）,4599,48,30,5,20,true,false,0,true,472732
水平有限柳州螺蛳粉,4541,48,37,5,25,true,false,0,true,170199
贡茶（五道口店）,4482,46,39,3,0,true,false,0,false,1550509
疯狂蛋炒饭,4417,46,34,4,0,false,false,0,false,913241
第一佳大鸡排（五道口店）,4374,48,36,3,0,false,false,0,false,868430
嘉和一品粥（知春路二店）,4373,45,38,7,15,true,false,0,false,479307
张亮麻辣烫(保福寺店),4248,45,36,3,0,true,false,0,false,1060902
龙腾轩,4538,48,36,6,20,true,false,0,true,553921
南京大牌档(中关村店),4465,46,51,8,20,true,false,0,true,297826
张亮���辣烫（农大店）,5901,44,43,3,18,true,false,0,false,82318
湘乡食堂,5556,44,34,5,0,false,false,0,false,1021936
凉皮先生（牡丹园店）,4445,47,37,7,15,true,false,0,false,809911
龙文桂林米粉,4406,45,54,1,0,false,false,0,false,42777
好嫂子（牡丹园店）,6501,47,38,6,20,true,false,0,true,655493
金百万美食MALL（牡丹园店）,6366,47,38,6,20,true,false,0,true,263273
快美佳烤肉拌饭,5467,47,33,6,0,false,false,0,false,1089650
海盗虾饭（知春路店）,4560,48,39,7,20,true,false,0,true,1301234
张姐烤肉饭,4281,47,49,1,0,false,false,0,false,183846
老重庆食府(牡丹园店）,4276,42,39,2,0,false,false,0,false,882729
十八碗原味蒸菜（菜蒸香）,4111,42,36,4,0,false,false,0,false,112654
嘉和一品粥(学清路店),4017,47,32,6,20,true,false,0,true,112765
台资味（北京六道口店）,3888,45,40,2,25,true,false,0,false,753610
缘来赫赫小厨麻辣香锅,11534,44,38,7,15,true,false,0,false,1003318
天天烤肉拌饭,9111,47,34,4,15,false,false,0,false,1155757
原味觉醒•健康餐,3395,48,35,4,15,true,false,0,false,2161410
肉夹小魔王（中关村店）,3099,49,42,9,0,true,false,0,false,1779689
福里(知春路店),3046,47,33,4,0,false,false,0,false,151358
熊三拌饭（芍药居店）,4097,47,34,7,20,true,false,0,false,2199562
张亮麻辣烫（国奥店）,2918,44,35,3,15,true,false,0,false,501563
凉皮先生（志新店）,2850,47,35,3,15,true,false,0,false,1300226
尚品披萨,2816,46,41,5,25,false,false,0,false,963429
赵记驴肉火烧（农大店）,2734,46,32,4,15,false,false,0,false,885228
红烧肉传奇,2646,47,44,15,0,false,false,0,false,2300
焦耳川式快餐（六道口店）,2503,46,32,5,0,true,false,0,false,165500
湘香腊辣（国奥店）,2476,46,39,3,0,false,false,0,false,340435
果想你（箭送）,2467,49,37,28,30,false,false,0,false,761442
张亮麻辣烫,8114,44,30,4,15,true,false,0,false,1737206
馍饭传奇（惠新西街店）,7550,45,30,4,20,true,false,0,false,913339
孟记粥铺（亚运村店）,5807,45,30,3,15,false,false,0,false,144644
香煎合太吉,4330,46,37,4,15,false,false,0,false,2022105
强记桂林米粉.螺蛳粉.煲仔饭（慧忠路店）,4259,47,31,3,15,false,false,0,false,144632
京味斋（亚运村鸟巢店）,3179,48,48,6,30,true,false,0,true,1551783
张亮麻辣烫(安慧里店),2964,45,34,3,15,false,false,0,false,1825478
卖虾便当（惠新里店）,6230,46,34,4,15,true,false,0,false,1789001
南城香（北苑店）,3752,49,37,5,20,true,false,0,true,71828
UFO韩国拌饭,3739,45,40,8,60,false,false,0,false,924371
没名儿生煎（亚运村店）,3563,45,46,5,20,true,false,0,false,525317
田老师红烧肉（育慧北路店）,3289,46,38,6,20,true,false,0,true,585001
和合谷(海淀区田村店),2691,47,46,7,20,true,false,0,false,97310
首迩紫菜包饭（总部基地店）,2549,48,58,29,88,true,false,0,false,456391
焦耳川式快餐（田村店）,2373,45,43,6,30,true,false,0,false,1281559
黄焖鸡米饭云南过桥米线,2057,45,30,7,20,false,false,0,false,772714
麦堡王（风尚城堡）,2048,43,50,5,20,true,false,0,false,1540699
小火慢炖排骨米饭（风尚城堡店）,1750,45,37,4,20,true,false,0,false,1697200
老家肉饼,1645,47,30,5,20,true,false,0,true,675606
35秒烤肉拌饭（武警总医院店）,3057,46,32,7,20,false,false,0,false,1978169
田老师红烧肉(欧尚店),3057,47,35,7,20,true,false,0,true,585000
嘉和一品粥(永定路店),2625,47,30,7,20,true,false,0,true,112790
金百万美食MALL（万城店）,7946,48,30,7,20,true,false,0,true,325854
张亮麻辣烫（金沟河店）,4928,46,30,5,20,true,false,0,false,1030344
李记 凉皮肉夹馍,3932,46,35,4,20,false,false,0,false,1803304
张亮麻辣烫（田村店）,3326,46,32,3,25,true,false,0,false,379616
好嫂子（金沟河店）,3255,48,30,7,20,true,false,0,true,491995
张亮麻辣烫（金源店）,5407,44,33,4,0,true,false,0,false,417468
大鸭梨烤鸭(八里庄店),2061,45,44,7,20,true,false,0,true,267702
东北家常菜,2033,45,37,0,20,false,false,0,false,483797
张亮麻辣烫（厂洼店）,5267,46,34,7,15,true,false,0,false,339510
东北特味,4677,46,36,7,15,false,false,0,false,17765
小火慢炖排骨米饭,3519,48,36,5,0,true,false,0,false,1757868
私菜益汤（航天桥店）,2450,45,34,5,20,false,false,0,false,2046210
嘚德饭,2298,45,46,1,20,false,false,0,false,299537
庆丰包子铺（美丽园店）,2233,48,30,5,20,true,false,0,true,422608
大粥锅（万寿路店）,5805,44,34,5,20,false,false,0,false,312176
田老师红烧肉(紫竹院一店),5560,45,30,5,20,true,false,0,true,356830
京味斋(北洼路),4544,48,46,7,30,true,false,0,true,325764
张亮麻辣烫（紫竹桥店）,3733,47,34,4,15,false,false,0,false,1841420
焦耳川式快餐（航天桥店）,3682,46,34,4,15,true,false,0,false,458637
嘉和一品粥(北洼路店),3623,47,32,7,20,true,false,0,true,112780
宏状元(花园桥店),3407,47,36,8,30,true,false,0,true,498
小暖便当（紫竹桥店）,3200,45,37,4,15,true,false,0,false,819242
叫了个鸡（紫竹桥店）,2943,48,33,4,15,true,false,0,false,1429281
虾饭先生（航天桥店）,2908,48,34,4,15,true,false,0,false,1611467
大鸭梨烤鸭(北洼路店),2875,46,56,5,20,true,false,0,true,267698
小俩口烤肉拌饭,5860,47,36,8,30,false,false,0,false,998212
桃园煲仔饭（魏公村店）,2953,48,30,4,0,false,false,0,false,1884728
第一佳大鸡排（人大学生创业店）,5463,47,36,5,0,false,false,0,false,52602
东北老杨麻辣拌,4224,47,34,4,15,false,false,0,false,651617
FORFIT元气厨房,3108,48,36,4,15,false,false,0,false,1029020
云南过桥米线（人大店）,6318,45,37,5,15,false,false,0,false,1264698
湘香小厨,5290,47,37,7,20,false,false,0,false,576322
食邑韩舍石锅拌饭,4599,46,38,5,15,false,false,0,false,1241688
木桶传奇,3782,43,39,4.5,25,false,false,0,false,2422
一锅鲜麻辣香锅,3721,43,39,5,15,false,false,0,false,1267029
田老师红烧肉(海淀交大店),9814,45,31,4,15,true,false,0,false,971211
金百万美食MALL（万柳店）,6942,47,54,7,20,true,false,0,true,544
台式脆皮鸡排饭,4286,47,37,4,15,false,false,0,false,1675697
虾饭先生（西直门店）,4260,48,33,4,15,true,false,0,false,1820333
焦耳川式快餐（华宇店）,3784,47,34,5,15,true,false,0,false,98659
田老师红烧肉（魏公村法华寺店）,3739,47,33,5,20,true,false,0,true,267260
缘来赫赫小厨麻辣香锅（人民大学店）,3279,48,37,5,15,true,false,0,false,2043954
面和抄手（交大店）,3184,48,39,6,35,false,false,0,false,10061
辣妹子湘菜馆（展览路店）,3154,45,31,4,0,false,false,0,false,508811
张亮麻辣烫（大钟寺店）,10069,44,34,5,15,true,false,0,false,721751
德克士（阜成门店）,8146,48,38,8,40,true,false,0,false,114591
凉皮先生（西直门凯德店）,6467,47,34,3,15,true,false,0,false,1185563
小火慢炖排骨米饭（四道口店）,6053,46,35,4,0,true,false,0,false,1625164
原味觉醒·健康餐（四道口店）,4319,48,34,4,15,true,false,0,false,1331286
金渝川菜（交大店）,3768,47,40,6,20,true,false,0,true,1965621
金百万美食MALL（四道口店）,6276,46,32,4,20,true,false,0,false,575
dudu私房煲仔饭,6246,47,36,6,0,false,false,0,false,1010346
黄焖鸡米饭（西直门店）,4846,45,34,4,0,false,false,0,false,70387
张亮麻辣烫（交大店）,3410,47,34,3,15,true,false,0,false,597529
避风港港式餐厅(护国寺店),3327,45,37,5,15,false,false,0,false,1683185
京味斋(小西天店),5368,47,46,7,30,true,false,0,true,271435
成都烤肉拌饭·炸鸡桶饭,4758,46,40,3,20,false,false,0,false,1111337
魏家凉皮(护国寺店),4756,48,30,4,15,true,false,0,false,293067
张亮麻辣烫阜成门店,4468,42,34,3,0,false,false,0,false,256860
海盗虾饭（魏公村店）,4217,48,45,7,20,true,false,0,true,414836
南京大牌档(西直门凯德店),3954,47,36,6,20,true,false,0,true,297833
大食堂,3762,45,46,6,35,false,false,0,false,165237
西少爷肉夹馍(西直门凯德MALL店),3733,48,31,5,20,true,false,0,true,1124121
南城香 (新街口店),3525,48,30,6,20,true,false,0,true,2161169
大东北烤肉拌饭（西单店）,6333,47,40,5,0,true,false,0,false,864547
绿茶餐厅（北京西直门凯德MALL店）,3224,46,44,5,20,true,false,0,true,992459
汉堡王(西直门凯德店19575),3102,47,30,5,20,true,false,0,true,168645
凉皮先生（西单店）,3093,47,38,7,30,true,false,0,false,869477
小火慢炖排骨米饭,2907,46,43,5,0,true,false,0,false,1084989
亚米荟盐酥鸡（北师大店）,2887,48,30,4,20,true,false,0,false,132342
黄焖鸡米饭(新街口店),2684,45,35,3,0,false,false,0,false,857740
吉野家(新街口店),2618,48,45,7,0,true,false,0,false,320286
赛百味（西直门凯德店）,2563,48,38,4,15,true,false,0,false,877491
金百万美食MALL（官园店）,2426,45,30,6,20,true,false,0,true,1984146
美食美客麻辣香锅（和平里店）,5676,45,39,5,15,false,false,0,false,1758797
云南过桥米线(东四十二条店),2864,43,35,5,0,false,false,0,false,1101297
聚福居,12679,42,40,4,15,false,false,0,false,1304048
粗粮人家（东直门店）,4327,46,36,7,20,true,false,0,true,688621
鸿福饺子馆,3822,43,40,4,15,false,false,0,false,613230
缘来赫赫小厨麻辣香锅（朝阳门店）,3331,47,38,7,15,true,false,0,false,2042427
永和大王（东四十条店BJ059）,2648,47,34,6,20,true,false,0,true,724250
靠谱排骨脆皮鸡烤肉饭,2613,47,31,7,15,false,false,0,false,1543323
茶尼玛（新美食街）,2436,49,49,6,20,false,false,0,false,1602485
缘来赫赫小厨麻辣香锅（和平里店）,2428,46,34,4,15,true,false,0,false,1751597
凉皮先生（东四店）,8552,48,35,5,15,true,false,0,false,1002498
凉皮先生（东单店）,5230,47,37,6,15,true,false,0,false,778254
张亮麻辣烫(工体北路店）,4896,43,36,5,15,true,false,0,false,1978301
焦耳·川式快餐（银河SOHO店）,4156,46,37,6,15,true,false,0,false,735543
凉皮先生（朝阳门店）,4032,46,39,6,15,true,false,0,false,1191717
麻辣香锅（北京INN店）,3804,45,47,7,20,false,false,0,true,1122868
熊三拌饭,3639,46,42,7,20,true,false,0,false,754810
熊三拌饭（和平里店）,3214,48,33,3,20,true,false,0,false,1572311
小恒水饺（东直门银座店）,3075,47,53,6,20,true,false,0,true,1649639
花家怡园（东直门店）,2966,47,33,5,20,true,false,0,true,866213
悟空鲜果,2820,48,41,5,30,false,false,0,false,2027106
田老师红烧肉（朝阳门银河soho）,6135,41,46,4,15,true,false,0,false,585202
张姐烤肉拌饭（左家庄店）,5360,47,36,4,20,true,false,0,false,1491375
老吕驴肉火烧,4712,45,47,5,20,false,false,0,false,518165
桂林米粉,4090,46,39,7,20,false,false,0,false,63976
大东北烤肉拌饭（三元桥店）,3675,44,38,5,15,true,false,0,false,1088060
京味斋(月坛店),5969,47,52,6,20,true,false,0,true,271455
大鸭梨烤鸭(甘家口店),2994,45,31,5,20,true,false,0,true,267695
黄焖鸡米饭（北京西站店）,2979,47,37,7,0,false,false,0,false,436371
嘉和一品粥(甘家口店),2966,45,30,6,20,true,false,0,true,112745
满香园土耳其烤肉饭,5291,47,38,7,0,false,false,0,false,827205
一品一味烤肉拌饭,3168,47,35,7,0,false,false,0,false,2303175
永和大王（阜成门店BJ078）,2845,48,30,6,20,true,false,0,true,724244
焦耳川式快餐（西单店）,2752,45,47,4,0,true,false,0,false,679916
黄焖鸡米饭（真武庙店）,2667,45,34,7,0,false,false,0,false,2249196
恩泽源盐酥鸡&汉堡,2274,48,32,3,0,false,false,0,false,231062
孟福楼桂林米粉广东小吃,2265,47,45,5,100,false,false,0,false,94487
悟空·鲜果,2202,49,40,5,30,false,false,0,false,1685690
和合谷(西城区华威店),2194,48,49,7,20,true,false,0,false,97946
魏家凉皮(交道口店),2398,48,30,4,15,true,false,0,false,293062
金百万美食MALL（恒基店）,5941,46,57,7,20,true,false,0,true,201303
德克士(北京站店),4686,45,48,3,30,true,false,0,false,453773
粤粥坊,3316,46,38,5,15,false,false,0,false,590624
鑫泰源粥店（总店）,3278,44,40,5,20,false,false,0,true,244336
东北特色砂锅米线,6398,45,41,7,0,false,false,0,false,535608
馍饭传奇（东大桥店）,5615,45,38,6,20,true,false,0,false,1931950
魏家凉皮(春秀路店),4476,47,38,5,15,true,false,0,false,293065
沙县小吃（工体店）,3430,46,50,5,20,false,false,0,true,1321109
张姐烤肉脆皮鸡饭,9439,46,37,6,20,false,false,0,false,871471
大东北黄焖鸡vs烤肉拌饭（石佛营店）,7628,46,39,14,20,true,false,0,false,1884456
大东北烤肉拌饭（国贸店）,5535,46,40,6,15,true,false,0,false,787017
田老师红烧肉(大杂院店),5242,43,39,7,20,true,false,0,false,267157
娄记烤肉拌饭（团结湖旗舰店）,4073,46,39,5,0,false,false,0,false,188415
鑫鑫家常菜,3823,43,40,6,20,false,false,0,false,1717577
京滋味双拼饭,5170,45,39,5,20,false,false,0,false,2264886
张亮麻辣烫（永安里店）,4901,45,39,6,20,true,false,0,false,1346001
大鸭梨烤鸭(红庙店),3925,46,59,7,20,true,false,0,true,171906
紫光园（团结湖店）,4088,48,46,5,20,true,false,0,true,594586
嘉和一品粥(金台路店),3819,47,45,6,20,true,false,0,true,112719
小火慢炖排骨米饭,3725,44,39,6,20,true,false,0,false,353736
黄焖鸡米饭排骨米饭,10825,44,42,8,15,false,false,0,false,1264461
十一家,7302,43,51,5,30,false,false,0,false,524451
杨国福麻辣烫（soho现代城店）,5148,47,39,4,20,false,false,0,false,251256
云南过桥米线,3772,48,39,3,20,false,false,0,false,550629
爱尚排骨饭（慈云寺店）,3763,45,37,5,20,true,false,0,false,1204963
魏家凉皮(八里庄店),6973,47,30,6,15,true,false,0,false,293061
好粥道,5601,43,35,5,20,false,false,0,false,609182
焦耳·川式快餐（住邦2000店）,4376,47,36,4,15,true,false,0,false,273977
煲煲香东北炖,3596,46,37,5,20,false,false,0,false,901170
材够熏肉大饼,3484,47,42,5,20,false,false,0,false,1662782
凉皮先生（慈云寺店）,3348,47,38,4,20,true,false,0,false,1120348
张亮麻辣烫,4932,47,35,9,15,true,false,0,false,394131
大鸭梨烤鸭（石佛营店）,4444,44,38,5,20,true,false,0,true,644740
曲家饺子（慈云寺店）,3311,47,37,6,20,true,false,0,false,562937
张亮麻辣烫（甘露园店）,3199,47,33,5,15,false,false,0,false,616336
张亮麻辣烫（慈云寺店）,3164,45,48,7,25,true,false,0,false,103151
张姐烤肉拌饭（慈云寺店）,3162,47,35,4,20,false,false,0,false,1107516
阿满家常菜,3103,44,49,6,35,false,false,0,false,571738
眉州小吃（朝阳北路店）,3748,47,30,5,20,true,false,0,true,576642
馍饭传奇（慈云寺店）,3040,46,34,4,20,true,false,0,false,1435005
凉皮先生（大黄庄分店）,3455,47,34,4,20,true,false,0,false,1805575
味风暴煲仔飯（朝阳路店）,3159,48,37,6,20,false,false,0,true,1499038
汉堡王(远洋未来汇店22738),2973,47,38,6,20,true,false,0,true,1528535
张亮麻辣烫（定福庄北���）,5049,47,30,5,15,true,false,0,false,528231
猫眼披萨（定福庄店）,2971,46,30,5,15,false,false,0,false,103250
由氏麻辣香锅（慈云寺店）,2946,44,39,5,20,false,false,0,false,1689429
COCO,2942,48,30,5,15,false,false,0,false,2007101
绿茶餐厅（北京朝阳大悦城店）,2933,45,46,5,20,true,false,0,true,992715
小珺柑串串香•麻辣烫,2907,45,37,4,15,false,false,0,false,1697681
秦源凉皮肉夹馍（十里堡店）,2891,43,40,4,20,false,false,0,false,1517458
大鸭梨烤鸭(左家庄店),6425,45,50,5,20,true,false,0,true,267654
京味斋(新源里店),5099,48,48,6,30,true,false,0,true,271436
石娃最好吃的油泼面,4568,43,40,5,20,false,false,0,false,877116
焦耳·川式快餐（霄云路店）,3359,46,33,4,15,true,false,0,false,1496555
云南过桥米线,3208,46,36,4,15,false,false,0,false,1036792
渝湘缘,3050,44,51,20,78,false,false,0,false,81982
绿茶餐厅（北京世茂工三店）,3048,45,64,7,20,true,false,0,true,992451
粥面故事（东大桥店）,2972,45,40,5,15,true,false,0,false,356463
郭林家常菜（团结湖店）,2789,47,51,6,20,true,false,0,true,716676
麻辣烫馆,2067,45,37,5,20,false,false,0,false,760810
甄膳粮,1969,48,39,6,20,false,false,0,false,2188893
卖虾便当(青年路店),1952,44,36,6,15,true,false,0,false,1391921
田老师红烧肉(石佛营店),2552,45,31,5,20,true,false,0,true,267108
田老师红烧肉（朝阳姚家园店）,2341,46,43,8,20,true,false,0,true,1745572
裸奔披萨,2318,46,57,5,0,true,false,0,false,57025
张亮麻辣烫（酒仙桥店）,3384,47,33,4,15,false,false,0,false,1672132
川湘私厨,2447,41,52,8,50,false,false,0,false,593979
吉野家(八里庄东里店),2333,47,45,7,0,true,false,0,false,337937
回家吃饭,2829,44,43,6,15,false,false,0,false,880720
嘉和一品粥(青年路店),2545,44,39,7,20,true,false,0,true,112753
正宗过桥米线,2121,46,31,6,18,false,false,0,false,379648
古镇过桥米线,2062,45,36,4,15,false,false,0,false,2247861
亚米荟盐酥鸡（未来汇店）,2525,48,40,7,20,true,false,0,true,791320
烤肉拌饭脆皮鸡饭,2862,48,33,5,20,false,false,0,false,1946110
凉皮先生（鲁谷店）,2525,49,32,5,15,true,false,0,false,2166531
卖虾便当(鲁谷路店),2268,45,32,5,15,true,false,0,false,1589131
吉祥馄饨（武警医院店）,2131,47,30,7,20,true,false,0,true,663392
驴肉火烧,2404,47,36,4,20,false,false,0,false,703306
绿茶餐厅（北京凯德晶品店）,4852,46,63,8,20,true,false,0,true,992456
眉州东坡酒楼(石景山店),2067,47,44,7,20,true,false,0,true,311789
眉州小吃（石景山）,4543,48,37,8,20,true,false,0,true,616740
田老师红烧肉(玉泉路店),3994,46,30,6,20,true,false,0,true,584978
田老师红烧肉(鲁谷一店),3359,48,30,6,20,true,false,0,true,267171
好嫂子（永定路店）,2691,48,30,7,20,true,false,0,true,491968
庆丰包子铺（金沟河店）,2673,48,30,7,20,true,false,0,true,486616
和合谷(丰台区青塔店),2426,47,50,7,20,true,false,0,false,97914
吉野家(永定路店),4135,48,45,7,0,true,false,0,false,312119
大粥锅（航天桥工商大学店）,2682,47,30,5,20,false,false,0,true,934487
陕味食族（航天桥店）,2669,47,30,5,20,true,false,0,true,456521
凉皮先生,2611,47,44,4,20,true,false,0,false,848926
鲍记麻辣烫,2290,47,32,3,20,false,false,0,false,650476
辣尚瘾（航天桥店）,2279,48,30,5,20,true,false,0,true,636134
这儿有家冒菜,2799,46,37,3,15,false,false,0,false,1857731
奶盖贡茶（北邮店）,2897,48,39,5,30,false,false,0,false,1927282
聚湘来家常菜,3319,44,37,5,0,false,false,0,false,467897
嘉和一品粥(南草厂店),2424,47,34,8,20,true,false,0,true,112762
魏家凉皮（崇文门店）,2127,48,30,6,15,true,false,0,false,1923250
北京麦当劳西单明珠餐厅,1880,48,35,9,0,true,false,0,false,555787
北京麦当劳���市口餐厅,2654,48,28,9,0,true,false,0,false,555817
凉皮先生（广渠门店）,5305,47,33,7,0,true,false,0,false,2199481
张亮麻辣烫（广渠门店）,5284,45,35,5,0,true,false,0,false,960873
张亮麻辣烫(新世界店),3399,45,31,4,0,true,false,0,false,520880
五食代（东单店）,2944,49,32,5,20,true,false,0,true,654980
成都小吃,3717,44,49,4,20,false,false,0,false,1093068
到底米线（到底小腰烧烤）,4582,46,40,6,15,false,false,0,false,802438
杨国福麻辣烫（天之骄子）,3923,46,37,5,25,true,false,0,false,449519
港式铁板炒饭（国贸店）,3937,47,42,5,20,true,false,0,true,2248916
骨头记排骨米饭套餐,4503,47,40,5,0,false,false,0,false,1687751
凉皮先生（高碑店店）,3565,47,36,4,20,true,false,0,false,1019789
张亮麻辣烫（八角店）,5002,46,32,5,20,true,false,0,true,998870
金百万美食MALL（鲁谷店）,4326,48,30,5,20,true,false,0,true,263943
秦门(鲁谷店),3294,47,30,6,20,true,false,0,true,381805
过桥米线（吴庄店）,2806,45,30,4,15,false,false,0,false,393579
杨国福麻辣烫,2450,46,31,5,20,false,false,0,true,223164
汉堡王(京西珠宝城店22343),2090,48,30,5,20,true,false,0,true,845270
南京大牌档(凯德晶品店),2301,48,44,6,20,true,false,0,true,297828
汤火功夫麻辣烫（荣丰店）,2354,46,34,5,0,false,false,0,false,146885
35秒烤肉拌饭,2918,48,43,7,20,false,false,0,true,2048702
云南过桥米线,2327,43,36,5,15,false,false,0,false,1873913
黄焖鸡米饭,5235,46,36,7,15,false,false,0,false,372959
嘉和一品粥(广源店),2534,47,36,7,20,true,false,0,true,112778
秦门(广安门店),4511,45,39,6,20,true,false,0,true,381804
柏记水饺（槐柏树店）,2337,46,48,0,20,true,false,0,false,1190905
国味堂粥店（虎坊路店）,3320,44,34,5,0,false,false,0,false,779315
沙县小吃,2663,45,33,4,0,true,false,0,false,742884
香粥阁粥店,3095,47,36,5,0,false,false,0,false,354379
张亮麻辣烫（珠市口店）,2844,47,32,4,0,true,false,0,false,1959430
张亮麻辣烫（崇文店）,4195,46,33,7,0,true,false,0,false,609980
粤港,4102,46,67,5,30,false,false,0,false,804527
吾饭,3940,46,34,5,22,false,false,0,false,125105
张亮麻辣烫（家乐福店）,5431,46,39,3,20,false,false,0,false,709943
好嫂子(青塔店),6695,47,38,7,20,true,false,0,true,955858
田老师红烧肉(大成路店),5247,48,30,6,20,true,false,0,true,267133
好嫂子（古城店）,4353,47,38,9,20,true,false,0,true,484263
嘉和一品粥(大成路店),3859,47,35,7,20,true,false,0,true,112770
好嫂子（七星园店）,3717,47,30,5,20,true,false,0,true,484380
胖子过桥米线（黄焖鸡米饭）,3501,46,30,4,15,false,false,0,false,1602169
鸿运京味堂老北京家常菜,3314,47,36,6,25,false,false,0,true,1101372
北京麦当���莲石东路DT餐厅,2903,48,30,9,0,true,false,0,true,559280
东坡包子营养早餐（正宗重庆小面）,2657,46,31,4,15,false,false,0,false,1888920
周老头凉皮,2537,48,30,5,20,false,false,0,true,168391
大鸭梨烤鸭(青塔店),2448,46,46,7,20,true,false,0,true,267661
云南过桥米线（百味时代店）,4643,44,37,7,12,false,false,0,false,719872
重庆小面,3432,46,36,7,0,false,false,0,false,710623
胖嫂排骨米饭•香酥鸡饭（原小火慢炖排骨饭）,2971,47,38,7,0,true,false,0,false,1749343
尚品小碗菜,2463,46,38,6,20,false,false,0,true,1693747
满溢比萨(广外店),3408,48,50,5,49,true,false,0,false,156337
山西刀削面家���菜,2850,45,33,6,20,false,false,0,true,119584
张亮麻辣烫（翔峰大厦）,5401,44,33,4,0,true,false,0,false,888065
大东北香酥鸡米饭（广安门店）,2370,47,34,7,0,true,false,0,false,1514530
大鸭梨烤鸭(六里桥店),3968,47,47,7,20,true,false,0,true,267679
和合谷(西城区马连道店),3145,48,47,7,20,true,false,0,false,97776
老高家春饼酱肉京味家常菜,3093,47,41,7,20,false,false,0,true,1606501
张亮麻辣烫,4965,45,33,4,0,true,false,0,false,365695
南城香(陶然亭店),7944,49,37,7,20,true,false,0,true,1543178
和合谷(西城区宣武门店),3510,47,50,7,20,true,false,0,false,97779
北平食府（陶然亭店）,2973,47,45,7,20,true,false,0,true,503860
宏状元(虎坊桥店),3500,47,37,7,30,true,false,0,true,493
杨铭宇黄焖鸡（友谊医院店）,2902,47,31,4,15,true,false,0,false,743562
台资味（北京宣武门店）,2762,47,33,6,20,true,false,0,true,2185082
杨国福麻辣烫（新世界店）,4223,45,31,4,15,true,false,0,false,876866
绿茶餐厅（北京崇文门店）,3957,46,49,6,20,true,false,0,true,991468
焦耳川式快餐（磁器口店）,3134,47,32,6,15,true,false,0,false,1041966
真功夫（北京搜秀分店）,3668,47,34,5,5,true,false,0,false,149381
南城香（广渠门店）,6658,49,39,7,20,true,false,0,true,441834
田老师红烧肉(东城东花市店),3685,47,40,6,20,true,false,0,true,584980
亚米荟盐酥鸡（国瑞店）,3054,49,30,4,20,true,false,0,true,372082
自家厨房,6998,43,40,9,15,false,false,0,false,105492
脆皮鸡饭,4554,47,34,5,15,false,false,0,false,1236719
大东北黄焖鸡烤肉饭（合口味美食城）,11441,47,34,5,15,true,false,0,false,764040
由氏麻辣香锅(潘家园店),3326,45,39,5,15,false,false,0,false,2122208
合口味麻辣香锅,3313,44,36,5,15,false,false,0,false,1024880
京味斋(劲松店),7360,47,54,7,30,true,false,0,true,271432
田老师红烧肉(双井二店),4037,45,38,5,20,true,false,0,true,267190
眉州小吃（劲松）,3904,48,40,6,20,true,false,0,true,616707
金掌勺（劲松店）,3690,47,48,7,20,true,false,0,true,656115
大鸭梨烤鸭(百子湾店),3675,46,42,5,20,true,false,0,true,267692
焦耳·川式快餐（百子湾店）,3450,46,35,3,0,true,false,0,false,458635
魏家凉皮(平乐园店),3412,47,30,6,15,true,false,0,false,293231
田老师红烧肉(朝阳百子湾店),3164,43,30,5,20,true,false,0,true,267271
杨铭宇黄焖鸡米饭（双井店）,3114,48,37,5,20,true,false,0,true,831504
幸福紫菜包饭（凉皮）,3108,46,42,4,20,false,false,0,false,896693
良皮壹号（双井店）,3096,48,42,6,20,false,false,0,true,1779677
卖虾便当(大成国际店),2962,43,44,3,15,true,false,0,false,1589133
食膳生活,2944,43,42,4,15,false,false,0,false,1002143
优滋优味,2855,44,42,4,15,false,false,0,false,838114
Uneed轻食（百子湾店）,2851,47,43,5,15,true,false,0,false,984594
北京麦当劳百子湾餐厅,2663,47,30,9,0,true,false,0,true,560190
湖南家常菜（优味工坊）,2630,43,38,3,20,false,false,0,false,1631666
嘉和一品（大郊亭店）,2601,47,34,5,20,true,false,0,true,1702585
福润居,2553,46,49,8,50,false,false,0,false,1007890
吉野家(百子湾MINI店),2482,47,45,7,0,true,false,0,false,320297
黄焖鸡VS土豆粉米线,5738,45,36,9,15,false,false,0,false,1609320
杨铭宇黄焖鸡米饭（大郊亭店）,2482,47,39,4,0,true,false,0,false,900915
百味咖喱饭,2452,46,40,4,0,false,false,0,false,755045
杨铭宇黄焖鸡·烤肉饭,2402,45,44,8,65,false,false,0,false,2181222
傻四肉饼家常菜（百子湾店）,2374,47,40,6,20,false,false,0,true,545522
田老师红烧肉(梅市口店),2854,47,33,8,20,true,false,0,true,267140
庆丰包子铺(鲁谷店),2433,48,30,5,20,true,false,0,true,533874
京源粥铺,3892,41,39,4,20,false,false,0,false,1238545
田老师红烧肉(丰台小屯店),3222,48,30,5,20,true,false,0,true,267269
卖虾便当（丰台东大街店）,3762,45,38,9,15,true,false,0,false,2056922
台资味（北京西客站店）,2344,48,34,6,20,true,false,0,true,1304234
南城香（太平桥店）,2502,49,34,5,20,true,false,0,true,71843
宏状元(马连道店),3207,47,30,6,30,true,false,0,true,502
庆丰包子铺（红莲南路店）,3250,48,30,5,20,true,false,0,true,334655
嘉和一品粥（菜园街店）,2819,47,31,6,20,true,false,0,true,537364
小火慢炖排骨米饭（方庄店）,4969,48,34,4,15,true,false,0,false,1558383
金百万美食MALL（劲松店）,8728,47,40,6,20,true,false,0,true,391757
沙县小吃（潘家园店）,6050,46,31,3,15,false,false,0,false,766606
柴米油盐粥店（武圣路店）,5887,46,40,6,20,true,false,0,true,573989
魏家凉皮(十里河店),4002,47,30,5,15,true,false,0,false,293063
南城香（潘家园店）,6349,49,33,5,20,true,false,0,true,71832
正宗脆皮鸡肉饭,3770,46,34,5,15,false,false,0,false,1957684
一城一味黄焖鸡,3005,47,42,5,10,false,false,0,false,173476
健将一品粥（劲松店）,2807,47,41,6,20,true,false,0,true,140172
牛肉范儿,2580,48,38,4,20,false,false,0,false,694344
小猪美食外卖,2739,44,38,4,20,false,false,0,false,1379524
优粮生活（高碑店店）,2268,47,33,3,15,true,false,0,false,2188069
粥公粥婆（百子湾店）,2253,48,34,5,20,true,false,0,true,301288
渝湘情,2240,45,34,5,20,false,false,0,true,721485
庆丰包子铺（百子湾店）,2189,45,38,3,20,true,false,0,false,627079
王记肉夹馍（羊汤）,2152,47,49,10,29,false,false,0,false,778852
嘉和一品粥(梅市口店),2236,48,30,6,20,true,false,0,true,112721
正一味(大成翠微店),2131,46,45,5,20,true,false,0,true,63804
老家肉饼(五里店店),2564,48,30,6,20,true,false,0,true,666883
大东北香酥鸡米饭@脆皮鸡（莲花桥店）,2143,47,37,9,0,true,false,0,false,1176926
宏状元(丰台北路店),2293,47,34,6,30,true,false,0,true,210355
沙县小吃（西客站）,2210,45,37,5,0,false,false,0,false,1942369
京味斋(东大街),4900,47,53,7,30,true,false,0,true,349895
金百万美食MALL（丰���路店）,3821,47,45,7,20,true,false,0,true,391756
嘉和一品粥(嘉诚店),2890,47,36,8,20,true,false,0,true,112766
和合谷(丰台华堂店),2390,47,46,7,20,true,false,0,false,97782
大鸭梨烤鸭(右安门店),6398,47,45,6,20,true,false,0,true,267650
田老师红烧肉(丰台右安门店),4961,46,35,7,20,true,false,0,true,1246668
张姐馋猫烤肉拌饭,3576,46,34,11,0,false,false,0,false,2139321
张亮麻辣烫（洋桥店）,11238,46,31,7,15,true,false,0,false,342789
寻味麻辣烫,4214,47,35,4,15,false,false,0,false,483067
杨国福麻辣烫（马家堡店）,3553,46,36,6,20,true,false,0,true,1006026
老地道小碗菜,4978,46,34,5,15,false,false,0,false,1206610
李家福黄焖鸡烤肉拌饭,4887,46,31,7,15,false,false,0,false,163027
田老师红烧肉（新洋桥店）,3465,47,35,7,20,true,false,0,true,267146
炒面王,3241,44,35,5,15,false,false,0,false,2016252
好嫂子（蒲黄榆店）,4683,48,32,6,20,true,false,0,true,484620
一面一饭,3510,44,31,5,15,false,false,0,false,197947
周记桂林米粉煲仔饭（东铁营桥店）,3371,47,30,5,0,false,false,0,false,1637571
焦耳·川式快餐（木樨园店）,2807,46,36,4,15,true,false,0,false,1281534
永和大王（惠新东街店BJ042）,2887,48,32,6,20,true,false,0,true,724261
大东北烤肉拌饭（望京店）,2747,46,38,5,15,true,false,0,false,914289
焦耳川式快餐（方恒店）,3213,45,39,7,15,true,false,0,false,735546
麦特派炸鸡汉堡（亚运村店）,2240,48,35,4,15,true,false,0,false,1394700
松鼠便利（小营路店）,2158,49,29,0,29,true,false,0,false,1840587
凉皮先生（望京店）,5033,47,37,4,15,true,false,0,false,1131108
东北家常菜(望京店),3602,43,48,6,20,false,false,0,true,9311
张亮麻辣烫（798/360对面）,3507,45,34,8,15,true,false,0,false,421597
古月云    云南主题便当,3218,47,38,8,20,false,false,0,false,2272276
四有青年米粉·面（望京店）,2976,48,60,8,20,true,false,0,true,1059473
火宴山·外卖来了（方恒店）,2628,45,41,5,0,true,false,0,false,1996163
亚米荟盐酥鸡(华彩店),2597,49,46,5,20,true,false,0,true,971568
HaveFun有饭（望京店）,2585,46,55,7,20,true,false,0,true,784757
百味咖喱（望京店）,2564,48,36,5,15,false,false,0,false,961061
蜀香居小炒盖饭,7570,45,34,4,15,false,false,0,false,172423
绿茶餐厅（北京望京新世界店）,6668,45,57,6,20,true,false,0,true,992455
蜀湘缘（望京店）,5568,45,34,4,15,false,false,0,false,1781505
张亮麻辣烫（将台路店）,5436,44,35,8,15,true,false,0,false,324905
川湘快餐,5267,45,37,6,20,false,false,0,false,1986087
西少爷肉夹馍（望京SOHO店）,4635,48,48,6,20,true,false,0,true,584673
德来聚驴肉火烧·凉皮（望京店）,4214,46,36,4,15,false,false,0,false,909793
粥星驰.馅饼.凉皮（望京店）,4200,47,36,3,15,false,false,0,false,1375026
东北特色砂锅米线（望京店）,4017,44,37,4,0,false,false,0,false,2082700
京味斋(望京店),3875,47,55,6,30,true,false,0,true,271433
太太好粥（望京麒麟社店）,3820,47,35,4,15,false,false,0,false,1781613
合利屋（望京保利店）,3812,48,49,7,20,true,false,0,true,561132
卷饼王（炸串）,3400,47,40,5,15,false,false,0,false,2199301
缘来赫赫小厨麻辣香锅（望京店）,3189,43,39,4,15,true,false,0,false,1977104
金百万美食MALL（望京花园）,6119,47,47,5,20,true,false,0,true,171899
阿玉城生煎,3328,46,36,5,20,false,false,0,false,1965557
暖暖粥铺∙杂粮粥（将台店）,2660,48,33,5,15,true,false,0,false,1820323
小暖便当（方恒店）,1887,44,39,3,15,true,false,0,false,1698272
肉夹小魔王（望京店）,1840,48,35,3,20,true,false,0,false,940677
西北汉子京旺家园店,3381,47,34,5,20,true,false,0,true,644245
安妮意大利餐厅(丽都店),1704,48,49,0,38,true,false,0,false,829548
安妮意大利餐厅(香江花园店),1511,49,43,0,100,true,false,0,false,866829
山西刀削面,1510,43,36,5,15,false,false,0,false,1870613
安妮意大利餐厅(望京店),1365,48,46,0,80,true,false,0,false,841979
蜀都香冒菜（望京店）,1321,48,51,6,45,false,false,0,false,1781451
石锅香拌饭小食,1295,45,36,6,15,false,false,0,false,2273186
东北麻辣烫（石佛营店）,1250,43,31,15,58,false,false,0,false,180309
禾美旺,1344,48,30,6,20,false,false,0,true,1439279
重庆小面,1304,44,33,5,0,false,false,0,false,2160540
二十五块半（中关村店）,3754,48,36,2,20,true,false,0,false,805083
HaveFun！有饭（中关村店）,2145,46,37,4,20,true,false,0,false,2211749
小火脆皮炸鸡饭VS烤肉拌饭,1967,46,39,4,15,false,false,0,false,2269319
亚米荟盐酥鸡（人大西门店）,7184,47,33,4,0,true,false,0,false,348859
张姐烤肉拌饭（人大店）,6058,47,37,8,0,false,false,0,false,27760
田老师红烧肉（中关村图书大厦店）,4667,41,35,3,15,true,false,0,false,267247
嘉和一品粥(中关村),4182,47,39,6,20,true,false,0,true,112694
南城香（中关村）,4102,48,37,4,15,true,false,0,false,963388
七八冷面,4063,47,45,6,20,true,false,0,true,55478
好嫂子（知春路店）,4781,48,43,6,20,true,false,0,true,486115
缘来赫赫小厨麻辣香锅（潘家园店）,3576,47,35,4,15,true,false,0,false,2013095
魏家凉皮(劲松店),3316,48,30,4,15,true,false,0,false,293060
田老师红烧肉(十里河店),4561,46,30,6,20,true,false,0,true,585035
金百万美食MALL（垡头店）,4958,47,34,6,20,true,false,0,true,391760
乔克叔叔与烤肉饭,3321,46,31,5,15,false,false,0,false,1997567
豆芽菜春饼（武圣路店）,3128,48,36,6,20,true,false,0,true,1175802
泰盛城麻辣香锅,3294,47,34,7,20,false,false,0,true,1742579
天瑞福云南过桥米线,2704,48,30,4,20,false,false,0,false,378718
青年餐厅（垡头店）,2502,43,33,5,20,true,false,0,true,456374
李记桂林米粉,2322,47,31,4,15,false,false,0,false,2079487
云南过桥米线,2271,47,30,3,20,false,false,0,false,1127682
韩小君∙脆皮鸡饭（四惠东店）,1973,47,37,4,15,true,false,0,false,1681526
阿里郎烤肉饭,1663,48,33,3,20,false,false,0,false,1808168
苏格先生甜品,1556,48,55,18,0,false,false,0,false,1050501
沙县小吃（美域家园店）,1835,43,30,3,15,false,false,0,false,437378
顾逸小馆,1830,46,39,8,20,false,false,0,true,1126165
张记腊汁肉夹馍羊汤,1218,46,30,3,15,false,false,0,false,823887
京缘美食,1183,46,30,5,20,false,false,0,true,1246247
小暖便当（大成路店）,1715,47,34,5,15,true,false,0,false,679919
庆丰包子铺(梅市口店),1699,48,31,7,20,true,false,0,true,569162
麻辣香锅,1928,47,41,6,30,false,false,0,true,688812
盘中餐（东北菜川湘菜）,2106,47,37,6,20,false,false,0,true,1147280
田老师红烧肉(北大地店),2376,46,30,6,20,true,false,0,true,585059
眉州东坡酒楼(丰台店),1898,47,49,7,20,true,false,0,true,311787
冠群过桥米线（红莲北里店）,2397,47,30,3,0,false,false,0,false,574584
维尔纳斯意大利手工艺蛋糕,1098,48,122,0,0,false,false,0,false,217053
金百万美食MALL（丰体南路店）,1668,47,30,7,20,true,false,0,true,1683109
庆丰包子铺（青塔店）,1420,48,30,9,20,true,false,0,false,595285
及客披萨,1407,47,55,20,0,false,false,0,false,1582627
焦耳∙川式快餐（北大地店）,1744,46,31,5,15,true,false,0,false,679917
吉祥馄饨（丰台科技园店）,1516,47,52,19,49,true,false,0,false,1911633
第1佳大鸡排（总部店）,1472,47,44,19,49,true,false,0,false,1687355
薛香记老饭盒,1462,47,32,7,15,false,false,0,false,1179946
六合顺（东大街店）,1685,47,46,7,20,true,false,0,true,419659
一锅香过桥米线,2170,47,33,4,20,false,false,0,false,673038
吉野家(游泳场店),2661,48,45,7,0,true,false,0,false,320298
桂林米粉黄焖鸡米饭,2022,45,37,5,0,false,false,0,false,866116
渝乡老妈（电力医院后）,2218,47,39,7,20,false,false,0,true,750490
志合小海鲜饺子城（烧烤）,2401,47,30,5,20,false,false,0,true,840565
一品正港大鸡排（右安门店）,2207,47,30,3,15,false,false,0,false,1060738
老根人家（右安门店）,2200,48,39,6,20,false,false,0,true,545449
南城香（角门店）,6047,49,30,6,20,true,false,0,true,150662
金百万美食MALL（马家堡店）,5928,47,35,6,20,true,false,0,true,263942
35秒烤肉拌饭,3566,47,32,6,20,false,false,0,true,1466847
嘉和一品粥(右安门店),3014,48,32,6,20,true,false,0,true,112771
妮莱肯汉堡,2862,48,34,7,20,false,false,0,true,479709
鲜土豆粉,2511,47,31,4,15,false,false,0,false,889736
京味斋(洋桥),5748,47,37,6,30,true,false,0,true,325763
魏家凉皮,5224,48,30,6,20,true,false,0,true,69779
柴米油盐粥店（西罗园店）,4704,45,39,6,20,false,false,0,true,297657
杨国福麻辣烫(角门南站店),3574,45,30,4,15,true,false,0,false,262478
粗粮人家（洋桥店）,3072,47,30,5,20,true,false,0,true,688876
大鸭梨烤鸭(马家堡店),2954,46,30,5,20,true,false,0,true,643626
台港脆皮鸡拌饭（集美店）,4337,47,34,5,15,false,false,0,false,2193813
田老师红烧肉(右外大台子店),3068,46,30,7,20,true,false,0,true,248317
柴米油盐粥店,6133,46,34,6,20,false,false,0,true,389048
大鸭梨烤鸭(光彩店),6092,47,36,5,20,true,false,0,true,267656
秦门(方庄店),5086,46,30,6,20,true,false,0,true,381802
张亮麻辣烫（嘉业大厦）,4625,45,30,3,15,true,false,0,false,260031
魏家凉皮（宋家庄店）,4269,47,30,5,15,true,false,0,false,507063
田老师红烧肉（光彩路店）,4078,47,30,6,20,true,false,0,true,267191
南城香（沙子口店）,3961,49,30,5,20,true,false,0,true,71784
川友元麻辣香锅（顺和源美食城）,3931,46,36,6,25,false,false,0,true,1067794
田老师红烧肉(刘家窑店),3672,47,30,5,20,true,false,0,true,401732
杨国福麻辣烫（宋家庄顺六条店）,3607,47,30,3,20,true,false,0,false,444647
金百万美食MALL（光彩店）,4109,48,32,6,20,true,false,0,true,2016119
东北家园,3500,43,38,6,20,false,false,0,true,378165
张亮麻辣烫（垡头店）,3145,47,33,6,20,true,false,0,true,298856
小火慢炖排骨米饭,2791,45,40,5,15,true,false,0,false,1427825
张亮麻辣烫（周庄店）,2743,45,30,3,15,true,false,0,false,855519
田老师红烧肉(朝阳化工路店),4568,46,30,7,20,true,false,0,true,267266
老家肉饼（十里河店）,2173,45,31,5,15,true,false,0,false,793812
北京麦当劳垡头西路餐厅,2003,49,30,9,0,true,false,0,true,559244
正宗黄焖鸡米饭（西直河店）,1920,47,30,4,15,false,false,0,false,1367644
福建沙县小吃,1858,46,33,5,20,false,false,0,false,1901157
湘江悦（湘味小碗菜）,3025,45,34,5,20,false,false,0,true,1426770
焦耳外卖(方庄店),3014,47,30,3,15,true,false,0,false,1041965
麻辣蛤蜊鸡饭,1928,45,32,5,15,false,false,0,false,2026916
麦特派汉堡（西直河店）,2432,47,30,4,20,false,false,0,false,912722
田老师红烧肉(卢沟桥店),3625,47,30,5,20,true,false,0,true,865476
庆丰包子铺（晓月苑店）,1230,46,30,3,20,true,false,0,false,832130
卷饼王（炸串）,1418,47,53,20,45,false,false,0,false,998319
吉野家(北大地),1469,47,45,7,0,true,false,0,false,337950
张亮麻辣烫（怡海花园店）,1801,45,33,4,15,true,false,0,false,663255
张姐烤肉饭（汉威店）,3338,47,35,6,15,false,false,0,false,1950030
魏家凉皮（总部基地店）,3062,46,36,6,15,true,false,0,false,2085961
湘巴佬小碗菜,2974,44,34,6,15,false,false,0,false,380910
亚米荟盐酥鸡（总部基地资和信店）,2969,48,30,4,20,true,false,0,true,843350
德克���（科丰欧尚店）,2779,48,30,5,20,true,false,0,true,701090
大鸭梨烤鸭(花乡店),3983,46,35,6,20,true,false,0,true,267677
嘉和一品粥(万年花城店),3365,46,33,6,20,true,false,0,true,112772
人民公社大食堂（丰台南路店）,3169,48,31,5,20,false,false,0,true,1805919
王记腊汁肉夹馍,2550,47,37,6,15,false,false,0,false,348752
麻辣香锅(丰科路分店),2482,47,43,8,20,false,false,0,true,1129228
阳阳中国饭(三环新城店),2450,48,30,5,20,true,false,0,true,1485644
东北麻辣烫（纪家庙店）,2412,47,30,4,15,false,false,0,false,888611
黄焖鸡米饭（首经贸中街店）,2407,47,37,5,35,false,false,0,false,34187
庆丰包子铺(万年花城店),2398,47,30,5,20,true,false,0,true,1103689
老家肉饼（育芳园店）,2756,48,30,5,20,true,false,0,true,660720
兄弟过桥米线,2259,46,30,3,15,false,false,0,false,150325
老家肉饼（西马场店）,2645,47,34,7,20,true,false,0,true,740515
好先生便当（角门店）,2278,46,33,3,0,false,false,0,false,1782075
东福黄焖鸡米饭（科怡路店）,2187,47,30,7,15,false,false,0,false,363188
夏姐烤肉拌饭（集美店）,4526,46,33,5,15,false,false,0,false,2026877
柴米油盐粥店（角门店）,2512,47,32,6,20,false,false,0,true,596096
南城香（角东店）,3196,49,30,5,20,true,false,0,true,339130
仔皇煲煲仔饭(新业广场),2715,47,45,5,20,true,false,0,true,1320472
中国兰州牛肉拉面（成寿寺店）,2011,44,30,5,20,false,false,0,true,2015893
粥立方（欢乐谷店）,1874,47,32,6,20,true,false,0,true,345917
吉野家(金蝉西路店),1853,48,45,7,0,true,false,0,false,327826
辣之道麻辣香锅,941,46,48,15,120,false,false,0,false,763476
哈哈镜（马连道店）,871,47,45,25,0,true,false,0,false,925178
园丁精品鲜花店,844,48,75,0,0,false,false,0,false,495986
麻辣源（西坝河店）,835,47,63,19,49,false,false,0,false,1243691
沙拉嘿哟（总部基地店）,817,47,74,19,49,false,false,0,false,920567
杨国福麻辣烫,1634,42,35,6,20,true,false,0,false,254110
卖虾便当（郭公庄店）,1551,45,37,7,15,true,false,0,false,1912710
麻辣香锅（汉威店）,1485,44,37,7,0,false,false,0,false,1921965
南城香（富丰桥店）,5528,49,30,5,20,true,false,0,true,71802
秦门(丰台永旺梦乐城店),4920,47,45,7,20,true,false,0,true,524974
田老师红烧肉(丰台汽车博物馆店),2791,46,37,5,20,true,false,0,true,988410
桂林米粉（马家堡店）,1915,47,30,5,15,false,false,0,false,161640
炸鸡啤酒,1871,48,60,16,49,false,false,0,false,1929611
好嫂子（丰科万达店）,2682,47,40,6,20,true,false,0,true,1942026
永和大王（丰台科技园FBJ05),2508,48,38,6,20,true,false,0,true,1556759
卖虾便当（新宫店）,3554,45,33,5,15,true,false,0,false,1391953
湘煌楼湘菜馆,2943,46,32,5,20,false,false,0,true,72208
德克士（京港城店）,3168,47,30,5,20,true,false,0,true,1593812
和合谷(丰台区宋家庄店),2579,48,39,7,20,true,false,0,false,97881
嘉和一品粥(京宋家庄店),2572,47,30,6,20,true,false,0,true,151653
小馋猫烤肉拌饭（顺和源美食城）,2501,47,30,3,0,false,false,0,false,1067800
小碗菜（顺和源美食城）,2306,43,31,3,15,false,false,0,false,1062989
麦特鸡炸鸡汉堡,1894,45,30,3,15,false,false,0,false,2073912
旺湘楼（新派湘菜）,1849,47,39,6,30,false,false,0,true,1347248
粮臣家宴（80号店）,1755,45,37,6,20,false,false,0,true,1658004
首迩紫菜包饭（欢乐谷店）,1825,47,30,4,20,true,false,0,false,988863
ebeecake小蜜蜂蛋糕,809,48,193,0,0,true,false,0,false,182777
福源百汇水果店,791,48,67,9,38,false,false,0,false,159385
村上一屋日料寿司（三里屯店）,784,46,61,56,150,true,false,0,false,2122513
好利来蛋糕（北京）,781,48,193,30,0,true,false,0,false,486106
无名缘米粉(总部基地店),1375,45,36,9,15,true,false,0,false,966439
田老师红烧肉(丰台润亚广场店),5301,46,33,5,20,true,false,0,true,329047
小恒水饺（总部基地店）,2235,48,31,5,20,true,false,0,true,1485579
嘉和一品粥（丰葆路店）,2008,46,34,5,20,true,false,0,true,913593
沁香缘（看丹桥店）,1953,48,31,5,20,false,false,0,true,298857
骨汤麻辣烫+麻辣香锅,2016,47,48,2,20,false,false,0,false,136281
田老师红烧肉(新发地新村店),2813,47,39,7,20,true,false,0,true,585039
沁香缘（新发地店）,2288,46,38,5,20,false,false,0,true,239644
果为鲜水果超市（海淀店）,762,45,47,10,38,true,false,0,false,1980777
哈哈镜（广外店）,744,48,45,25,0,true,false,0,false,868916
颐佳榴莲千层蛋糕,736,48,90,10,0,false,false,0,false,866211
尊享宜购生活超市,676,49,42,19,168,false,false,0,false,201716
SaintTreasureLe蛋糕,672,48,129,0,0,false,false,0,false,581635
哈哈镜（西红门桥店）,661,49,43,10,0,false,false,0,false,2293280
倍儿鲜挪威三文鱼·日料寿司,868,48,65,30,200,false,false,0,false,2144620
张亮麻辣烫（总部基地店）,1411,45,34,5,20,true,false,0,false,251303
飞彤轩黄焖鸡米饭,1251,47,37,5,0,false,false,0,false,1785649
金掌勺东北菜（丰台万达广场店）,1920,47,40,6,20,true,false,0,true,1886731
咱家家常菜,1847,44,35,5,15,false,false,0,false,546732
金百万美食MALL（乐家店）,3316,47,43,6,20,true,false,0,true,391758
秦阿婆（快餐部）,2032,47,30,5,20,false,false,0,false,1405456
尖果儿水果超市,1588,49,53,18,68,false,false,0,false,896816
年年红家常菜(新发地店),1521,47,31,5,20,false,false,0,true,1050836
和合谷(大兴区京良路乐家店),1517,48,48,7,20,true,false,0,false,97770
田老师红烧肉(丰台南苑西路店),3978,47,30,7,20,true,false,0,true,1247021
好嫂子（槐房万达店）,2216,47,34,6,20,true,false,0,true,1942025
杨铭宇黄焖鸡米饭,2156,46,31,5,15,false,false,0,false,291372
台资味（北京大红门店）,1954,44,30,7,15,true,false,0,false,2010107
小火慢炖排骨米饭（集美店）,2006,47,30,4,0,true,false,0,false,1818260
田老师红烧肉(丰台世纪家家福超市店),5077,46,30,5,20,true,false,0,true,267112
真功夫（南苑店）,2190,48,48,5,5,true,false,0,false,800120
和合谷(丰台区马家堡银泰店),2032,47,52,7,20,true,false,0,false,97931
满溢比萨（石榴园店）,2384,48,48,5,49,true,false,0,false,492884
串爱面,1829,48,33,7,30,false,false,0,true,688862
蜀湘阁,1589,47,35,6,25,false,false,0,true,495448
云南过桥米线（东高地店）,1489,48,32,3,25,false,false,0,false,808963
田老师红烧肉(旧宫一店),2356,46,30,6,20,true,false,0,true,357051
金百万美食MALL（旧宫宣颐店）,1856,46,30,5,20,true,false,0,true,1485652
庆丰包子铺(小红门店),1636,47,30,4,20,true,false,0,false,357680
金掌勺（旧宫店）,1606,45,30,6,20,false,false,0,true,964108
大鸭梨烤鸭(旧宫店),1473,45,34,5,20,true,false,0,true,267639
粥全粥道（碧海公园店）,1380,48,30,6,20,true,false,0,true,650516
米多面多（旧宫店）,1350,47,30,3,20,false,false,0,false,1839155
江同学烤蹄,1218,48,60,20,80,false,false,0,false,377714
郭记麻辣烫麻辣香锅,1217,45,35,3,15,false,false,0,false,2201966
小恒水饺(旧宫万科店),1327,48,33,5,20,true,false,0,true,935119
田老师红烧肉(旧宫二店),3099,47,30,5,20,true,false,0,true,702923
食尚魔饭（亦庄林肯公园店）,2228,47,34,5,0,false,false,0,false,1553694
东北人家粗粮老菜馆,1478,47,37,7,20,false,false,0,true,1715212
砂锅居黄焖鸡过桥米线,1393,45,30,4,15,false,false,0,false,1475699
卖虾便当（亦庄店）,1947,46,30,5,15,true,false,0,false,1757674
桂林米粉,1229,47,36,5,15,false,false,0,false,111754
金红顺餐厅,1658,45,35,4,15,false,false,0,false,205943
巴郎子·简餐良品,1562,46,37,4,15,false,false,0,false,456065
焦耳·川式快餐（亦庄店）,2882,46,34,5,15,true,false,0,false,1315392
老友记港式烧腊煲仔饭,2627,47,36,3,15,false,false,0,false,2108598
楚风轩酒楼,2477,42,30,4,15,false,false,0,false,249522
张亮麻辣烫（老君堂店）,1528,43,34,4,20,true,false,0,false,972598
小恒水饺(富兴国际店),1263,48,39,6,20,true,false,0,true,1297703
鲜食尚,2218,46,32,4,15,false,false,0,false,1637966
刘记麻辣烫（上海沙龙店）,1402,46,35,5,15,false,false,0,false,1972431
眉州东坡酒楼(亦庄店),2073,47,49,8,20,true,false,0,true,311790
金善美韩式料理,1544,49,30,5,20,false,false,0,true,1066551
凉皮先生（丰台科技园店）,1665,48,35,5,15,true,false,0,false,2368977
汉堡王(北京丰葆路永旺21667),1508,48,30,5,20,true,false,0,true,486802
哈哈镜,873,47,62,65,88,true,false,0,false,417430
傻四肉饼,2101,47,30,5,20,false,false,0,true,427633
张亮麻辣烫（大红门店）,2084,44,32,5,15,true,false,0,false,572730
小确幸紫菜屋,1675,47,30,5,15,false,false,0,false,1852903
杨铭宇黄焖鸡米饭（刘家窑店）,1654,46,30,5,15,false,false,0,false,96866
河间正宗老武驴肉,1645,47,30,4,15,false,false,0,false,642588
八一冒菜,1486,47,30,5,15,false,false,0,false,1993928
粥公粥婆（西直河店）,1419,44,30,4,15,false,false,0,false,1745466
名客佳大鸡排(中式快餐),1371,48,33,3,20,false,false,0,false,1698942
瑞福家,7335,46,45,2,0,false,false,0,false,60228
港式饭档（安贞华联店）,6981,47,33,4,15,false,false,0,false,2229984
辣妈香锅排骨汤,2406,47,33,5,0,false,false,0,false,1501013
张亮麻辣烫,4523,47,32,5,20,true,false,0,true,913207
京味斋(奥体店),3336,47,34,6,30,true,false,0,true,271434
川府骨汤麻辣烫,3899,41,55,2,15,false,false,0,false,20645
正宗桂林米粉（西坝河店）,3165,47,34,4,15,false,false,0,false,1539156
宏状元（小营路店）,2422,47,40,6,30,true,false,0,true,1966642
优活掌上超市,2804,47,55,2,25,false,false,0,false,681232
嘉和一品粥（花家地店）,2740,46,49,5,20,false,false,0,true,148414
味来餐厅（望京店）,2638,46,54,5,20,true,false,0,true,186874
田老师红烧肉(朝阳酒仙桥店),3931,46,33,6,20,true,false,0,true,267192
小恒水饺(酒仙桥店),3583,49,40,6,20,true,false,0,true,624626
coco都可茶饮（酒仙桥店）,2476,48,40,7,20,true,false,0,true,490268
望京小腰  冯记串吧,1373,45,43,19,228,false,false,0,false,1511067
杨铭宇黄焖鸡米饭（酒仙桥中路店）,1315,44,31,4,15,false,false,0,false,1692
庆丰包子铺（理想城店）,2076,48,42,6,20,true,false,0,true,609411
小火慢炖排骨米饭（大兴店）,1597,46,35,10,20,true,false,0,false,2281413
阳阳中国饭（同兴园店）,2276,49,30,6,20,true,false,0,true,626516
可可西烤肉饭,1484,47,36,3,20,false,false,0,false,1839441
西贝莜面村（北京公益西桥华联店）,1473,47,36,8,20,true,false,0,true,368040
宏状元(万源路店),1750,48,32,6,30,true,false,0,true,118271
川香家常菜,1409,45,30,5,20,false,false,0,true,688123
张亮麻辣烫（和义店）,1404,46,30,6,20,true,false,0,true,209241
荷叶炒饭（富兴店）,1227,46,37,4,20,false,false,0,false,2143786
小火慢炖,2894,48,37,4,15,true,false,0,false,1632284
秦门（亦庄店）,3620,46,35,5,20,true,false,0,true,311097
南城香（亦庄店）,3125,48,31,5,20,true,false,0,true,1688785
田老师红烧肉(亦庄荣华南路店),3059,47,36,7,20,true,false,0,true,295170
眉州小吃（亦庄）,2417,47,38,5,20,true,false,0,true,616713
北京麦当劳文化园西路餐厅,2152,48,30,9,0,true,false,0,false,559261
张亮麻辣烫,2012,44,31,4,15,false,false,0,false,405424
杨国福麻辣烫（林肯店）,1856,46,33,3,15,true,false,0,false,295331
金百万美食MALL（兴盛国际）,2503,48,41,6,20,true,false,0,true,311119
农家小馆,1376,47,36,4,15,false,false,0,false,2033596
北京市通州区平驹苑饭馆,1339,41,67,7,100,false,false,0,false,816527
亚米荟盐酥鸡（和平东桥店）,4338,48,32,3,20,true,false,0,false,132328
田老师红烧肉（惠新西街店）,3992,48,30,5,20,true,false,0,true,200785
黄金周快餐,3460,47,44,0,10,false,false,0,false,55070
绿茶餐厅（北京凤凰汇店）,3855,46,61,6,20,true,false,0,true,992453
城市骨汤,2781,46,52,7,35,true,false,0,false,1280458
东池便当（三元桥）,2755,47,42,5,20,true,false,0,false,25678
傻二麻辣香锅,2456,46,33,4,20,false,false,0,false,1519137
汉堡王(北京爱琴海20058),2380,47,30,5,20,true,false,0,true,241383
和合谷(朝阳区酒仙桥店),2339,47,45,7,20,true,false,0,false,97774
粗粮人家（东风北桥店）,2248,46,46,7,20,true,false,0,true,688906
凉皮先生(博泰国际店),2227,46,37,9,15,true,false,0,false,914311
正一味(酒仙桥店),2116,47,45,5,20,true,false,0,true,63146
汉堡王(北京新港商城21116),2093,48,30,6,20,true,false,0,true,472744
人人湘湖南米粉（酒仙桥店）,1976,47,35,5,20,true,false,0,true,922186
庆丰包子铺（闵庄店）,2225,47,30,4,20,true,false,0,true,972601
北京麦当劳闵庄路DT餐厅,1560,47,27,9,0,true,false,0,false,559236
老家肉饼（西平庄店）,1558,47,32,6,20,true,false,0,true,886004
杨国福麻辣烫,1514,46,36,6,20,false,false,0,true,363731
田老师红烧肉(海淀闵庄南路店),3581,47,30,5,20,true,false,0,true,357055
沙县小吃（苏州街店）,6724,45,34,4,0,false,false,0,false,1788399
杨铭宇黄焖鸡（人大西门店）,3973,45,36,5,15,false,false,0,false,331112
绿茶餐厅（北京万柳店）,3082,47,56,5,20,true,false,0,true,992452
状元过桥米线,2831,44,43,4,0,false,false,0,false,1832393
嘉和一品粥(金源店),2777,47,30,6,20,true,false,0,true,112754
人人湘湖南米粉（新中关店）,3490,47,49,7,20,true,false,0,true,1877509
港式铁板炒饭（中关村店）,3386,47,40,5,20,true,false,0,true,2334921
玖贰柒肉夹馍,2141,47,32,3,20,false,false,0,false,1020562
疯保一锅香,3859,47,42,4,0,false,false,0,false,1901520
京味斋(花园路),3499,47,43,6,30,true,false,0,true,348855
馋小喵三汁焖锅,3366,46,40,7,0,false,false,0,false,2227850
张亮麻辣烫,3877,46,31,3,15,false,false,0,false,1722440
嘉和一品粥(牡丹园),3291,46,34,6,20,true,false,0,true,112752
田老师红烧肉（建德门店）,3273,45,30,5,20,true,false,0,true,585002
金百万美食MALL（马甸店）,3149,47,34,5,20,true,false,0,true,513
忆家乡大饼卷肉,2966,48,33,4,15,false,false,0,false,1053825
螺蛳粉先生,2913,47,37,5,20,false,false,0,false,64231
小厨小菜（皂君庙店）,5265,46,47,5,20,true,false,0,false,438876
鑫阳烤肉拌饭（和平里店）,3445,48,33,4,15,false,false,0,false,1190843
金百万美食MALL（安定门泰兴楼）,3395,46,42,6,20,true,false,0,true,1900286
田老师红烧肉（地坛店）,4484,47,37,5,20,true,false,0,true,267258
东北八大炖,2820,46,33,4,15,false,false,0,false,330046
粥饼屋,2582,47,37,9,15,false,false,0,false,507374
粥面故事,2109,46,30,5,20,false,false,0,true,246610
胜达快餐,1840,45,35,3,15,false,false,0,false,87464
吉野家(东坝金隅餐厅),1833,48,45,7,0,true,false,0,false,560040
汉堡王(远大路金源店21615),2325,48,30,6,20,true,false,0,true,845241
三顺韩式炸鸡店,3263,48,42,3,0,false,false,0,false,1173722
没名儿生煎（魏公村店）,4702,48,48,5,20,true,false,0,false,680183
没名儿生煎（小西天）,4150,47,47,5,20,true,false,0,false,57585
杨铭宇黄焖鸡米饭（北邮店）,3204,46,48,10,20,false,false,0,false,957051
南城香（和平里店）,3057,49,46,7,20,true,false,0,true,370761
凉皮先生（和平里店）,2986,48,32,3,20,true,false,0,false,869592
人人湘湖南米粉（霄云路店）,2386,48,44,5,20,true,false,0,true,937418
嘉和一品粥(霄云路),2383,47,39,6,20,true,false,0,true,118156
吉野家(朝北大悦城店),1762,47,45,7,0,true,false,0,false,343388
张亮麻辣烫（万泉河店）,2461,45,32,5,0,true,false,0,false,640917
张姐烤肉拌饭（理工店）,4157,47,28,6,0,false,false,0,false,129517
张亮麻辣烫（蓟门里桥店）,3066,45,33,5,15,false,false,0,false,1902078
